invoice_number,sale_date,order_date,customer_name,product_name,type,size,quantity,unit_price,item_total,total_amount,order_status,payment_status,source,is_historical
HIST-0001,2024-06-20,2024-06-20,Maria Santos,Tarpaulin,,,3,350,1050,1050,completed,paid,walk-in,true
HIST-0002,2024-06-20,2024-06-20,Juan dela Cruz,Vinyl Sticker,,,31,180,5580,5580,completed,paid,walk-in,true
HIST-0003,2024-06-20,2024-06-20,Ana Reyes,Clear Sticker,,,18,200,3600,3600,completed,paid,walk-in,true
HIST-0004,2024-06-20,2024-06-20,Pedro Gonzales,Paper Sticker,,,22,120,2640,2640,completed,paid,walk-in,true
HIST-0005,2024-06-20,2024-06-20,Rosa Garcia,Poster,,,10,250,2500,2500,completed,paid,walk-in,true
HIST-0006,2024-06-20,2024-06-20,Carlos Mendoza,Calling Card,,,43,150,6450,6450,completed,paid,walk-in,true
HIST-0007,2024-06-20,2024-06-20,Lisa Ramos,Photo Print 4R,,,75,25,1875,1875,completed,paid,walk-in,true
HIST-0008,2024-06-20,2024-06-20,Mark Torres,Photo Print 3R,,,36,20,720,720,completed,paid,walk-in,true
HIST-0009,2024-06-20,2024-06-20,Jenny Villanueva,Photo Print 5R,,,29,35,1015,1015,completed,paid,walk-in,true
HIST-0010,2024-06-20,2024-06-20,Robert Aquino,Photo Print 8R,,,14,60,840,840,completed,paid,walk-in,true
HIST-0011,2024-06-20,2024-06-20,Grace Flores,Photo Invite,,,14,300,4200,4200,completed,paid,walk-in,true
HIST-0012,2024-06-20,2024-06-20,Joel Cruz,Acrylic Signage,,,2,1800,3600,3600,completed,paid,walk-in,true
HIST-0013,2024-06-20,2024-06-20,Maria Santos,Composite Panel Signage,,,2,2200,4400,4400,completed,paid,walk-in,true
HIST-0014,2024-06-20,2024-06-20,Juan dela Cruz,Roll-up Banner,,,4,1200,4800,4800,completed,paid,walk-in,true
HIST-0015,2024-06-20,2024-06-20,Ana Reyes,X-Banner,,,3,900,2700,2700,completed,paid,walk-in,true
HIST-0016,2024-06-20,2024-06-20,Pedro Gonzales,PVC ID Card,,,21,80,1680,1680,completed,paid,walk-in,true
HIST-0017,2024-06-20,2024-06-20,Rosa Garcia,Panaflex Signage,,,2,1500,3000,3000,completed,paid,walk-in,true
HIST-0018,2024-06-20,2024-06-20,Carlos Mendoza,Sintra Board Signage,,,3,600,1800,1800,completed,paid,walk-in,true
HIST-0019,2024-07-20,2024-07-20,Lisa Ramos,Tarpaulin,,,5,350,1750,1750,completed,paid,walk-in,true
HIST-0020,2024-07-20,2024-07-20,Mark Torres,Vinyl Sticker,,,37,180,6660,6660,completed,paid,walk-in,true
HIST-0021,2024-07-20,2024-07-20,Jenny Villanueva,Clear Sticker,,,18,200,3600,3600,completed,paid,walk-in,true
HIST-0022,2024-07-20,2024-07-20,Robert Aquino,Paper Sticker,,,31,120,3720,3720,completed,paid,walk-in,true
HIST-0023,2024-07-20,2024-07-20,Grace Flores,Poster,,,9,250,2250,2250,completed,paid,walk-in,true
HIST-0024,2024-07-20,2024-07-20,Joel Cruz,Calling Card,,,70,150,10500,10500,completed,paid,walk-in,true
HIST-0025,2024-07-20,2024-07-20,Maria Santos,Photo Print 4R,,,85,25,2125,2125,completed,paid,walk-in,true
HIST-0026,2024-07-20,2024-07-20,Juan dela Cruz,Photo Print 3R,,,46,20,920,920,completed,paid,walk-in,true
HIST-0027,2024-07-20,2024-07-20,Ana Reyes,Photo Print 5R,,,38,35,1330,1330,completed,paid,walk-in,true
HIST-0028,2024-07-20,2024-07-20,Pedro Gonzales,Photo Print 8R,,,12,60,720,720,completed,paid,walk-in,true
HIST-0029,2024-07-20,2024-07-20,Rosa Garcia,Photo Invite,,,22,300,6600,6600,completed,paid,walk-in,true
HIST-0030,2024-07-20,2024-07-20,Carlos Mendoza,Acrylic Signage,,,3,1800,5400,5400,completed,paid,walk-in,true
HIST-0031,2024-07-20,2024-07-20,Lisa Ramos,Composite Panel Signage,,,3,2200,6600,6600,completed,paid,walk-in,true
HIST-0032,2024-07-20,2024-07-20,Mark Torres,Roll-up Banner,,,5,1200,6000,6000,completed,paid,walk-in,true
HIST-0033,2024-07-20,2024-07-20,Jenny Villanueva,X-Banner,,,3,900,2700,2700,completed,paid,walk-in,true
HIST-0034,2024-07-20,2024-07-20,Robert Aquino,PVC ID Card,,,30,80,2400,2400,completed,paid,walk-in,true
HIST-0035,2024-07-20,2024-07-20,Grace Flores,Panaflex Signage,,,2,1500,3000,3000,completed,paid,walk-in,true
HIST-0036,2024-07-20,2024-07-20,Joel Cruz,Sintra Board Signage,,,5,600,3000,3000,completed,paid,walk-in,true
HIST-0037,2024-08-20,2024-08-20,Maria Santos,Tarpaulin,,,7,350,2450,2450,completed,paid,walk-in,true
HIST-0038,2024-08-20,2024-08-20,Juan dela Cruz,Vinyl Sticker,,,34,180,6120,6120,completed,paid,walk-in,true
HIST-0039,2024-08-20,2024-08-20,Ana Reyes,Clear Sticker,,,28,200,5600,5600,completed,paid,walk-in,true
HIST-0040,2024-08-20,2024-08-20,Pedro Gonzales,Paper Sticker,,,33,120,3960,3960,completed,paid,walk-in,true
HIST-0041,2024-08-20,2024-08-20,Rosa Garcia,Poster,,,10,250,2500,2500,completed,paid,walk-in,true
HIST-0042,2024-08-20,2024-08-20,Carlos Mendoza,Calling Card,,,87,150,13050,13050,completed,paid,walk-in,true
HIST-0043,2024-08-20,2024-08-20,Lisa Ramos,Photo Print 4R,,,72,25,1800,1800,completed,paid,walk-in,true
HIST-0044,2024-08-20,2024-08-20,Mark Torres,Photo Print 3R,,,67,20,1340,1340,completed,paid,walk-in,true
HIST-0045,2024-08-20,2024-08-20,Jenny Villanueva,Photo Print 5R,,,38,35,1330,1330,completed,paid,walk-in,true
HIST-0046,2024-08-20,2024-08-20,Robert Aquino,Photo Print 8R,,,17,60,1020,1020,completed,paid,walk-in,true
HIST-0047,2024-08-20,2024-08-20,Grace Flores,Photo Invite,,,26,300,7800,7800,completed,paid,walk-in,true
HIST-0048,2024-08-20,2024-08-20,Joel Cruz,Acrylic Signage,,,2,1800,3600,3600,completed,paid,walk-in,true
HIST-0049,2024-08-20,2024-08-20,Maria Santos,Composite Panel Signage,,,3,2200,6600,6600,completed,paid,walk-in,true
HIST-0050,2024-08-20,2024-08-20,Juan dela Cruz,Roll-up Banner,,,4,1200,4800,4800,completed,paid,walk-in,true
HIST-0051,2024-08-20,2024-08-20,Ana Reyes,X-Banner,,,5,900,4500,4500,completed,paid,walk-in,true
HIST-0052,2024-08-20,2024-08-20,Pedro Gonzales,PVC ID Card,,,33,80,2640,2640,completed,paid,walk-in,true
HIST-0053,2024-08-20,2024-08-20,Rosa Garcia,Panaflex Signage,,,2,1500,3000,3000,completed,paid,walk-in,true
HIST-0054,2024-08-20,2024-08-20,Carlos Mendoza,Sintra Board Signage,,,7,600,4200,4200,completed,paid,walk-in,true
HIST-0055,2024-09-20,2024-09-20,Lisa Ramos,Tarpaulin,,,7,350,2450,2450,completed,paid,walk-in,true
HIST-0056,2024-09-20,2024-09-20,Mark Torres,Vinyl Sticker,,,32,180,5760,5760,completed,paid,walk-in,true
HIST-0057,2024-09-20,2024-09-20,Jenny Villanueva,Clear Sticker,,,33,200,6600,6600,completed,paid,walk-in,true
HIST-0058,2024-09-20,2024-09-20,Robert Aquino,Paper Sticker,,,26,120,3120,3120,completed,paid,walk-in,true
HIST-0059,2024-09-20,2024-09-20,Grace Flores,Poster,,,14,250,3500,3500,completed,paid,walk-in,true
HIST-0060,2024-09-20,2024-09-20,Joel Cruz,Calling Card,,,82,150,12300,12300,completed,paid,walk-in,true
HIST-0061,2024-09-20,2024-09-20,Maria Santos,Photo Print 4R,,,86,25,2150,2150,completed,paid,walk-in,true
HIST-0062,2024-09-20,2024-09-20,Juan dela Cruz,Photo Print 3R,,,73,20,1460,1460,completed,paid,walk-in,true
HIST-0063,2024-09-20,2024-09-20,Ana Reyes,Photo Print 5R,,,29,35,1015,1015,completed,paid,walk-in,true
HIST-0064,2024-09-20,2024-09-20,Pedro Gonzales,Photo Print 8R,,,21,60,1260,1260,completed,paid,walk-in,true
HIST-0065,2024-09-20,2024-09-20,Rosa Garcia,Photo Invite,,,23,300,6900,6900,completed,paid,walk-in,true
HIST-0066,2024-09-20,2024-09-20,Carlos Mendoza,Acrylic Signage,,,3,1800,5400,5400,completed,paid,walk-in,true
HIST-0067,2024-09-20,2024-09-20,Lisa Ramos,Composite Panel Signage,,,4,2200,8800,8800,completed,paid,walk-in,true
HIST-0068,2024-09-20,2024-09-20,Mark Torres,Roll-up Banner,,,4,1200,4800,4800,completed,paid,walk-in,true
HIST-0069,2024-09-20,2024-09-20,Jenny Villanueva,X-Banner,,,5,900,4500,4500,completed,paid,walk-in,true
HIST-0070,2024-09-20,2024-09-20,Robert Aquino,PVC ID Card,,,28,80,2240,2240,completed,paid,walk-in,true
HIST-0071,2024-09-20,2024-09-20,Grace Flores,Panaflex Signage,,,3,1500,4500,4500,completed,paid,walk-in,true
HIST-0072,2024-09-20,2024-09-20,Joel Cruz,Sintra Board Signage,,,7,600,4200,4200,completed,paid,walk-in,true
HIST-0073,2024-10-20,2024-10-20,Maria Santos,Tarpaulin,,,5,350,1750,1750,completed,paid,walk-in,true
HIST-0074,2024-10-20,2024-10-20,Juan dela Cruz,Vinyl Sticker,,,41,180,7380,7380,completed,paid,walk-in,true
HIST-0075,2024-10-20,2024-10-20,Ana Reyes,Clear Sticker,,,29,200,5800,5800,completed,paid,walk-in,true
HIST-0076,2024-10-20,2024-10-20,Pedro Gonzales,Paper Sticker,,,27,120,3240,3240,completed,paid,walk-in,true
HIST-0077,2024-10-20,2024-10-20,Rosa Garcia,Poster,,,14,250,3500,3500,completed,paid,walk-in,true
HIST-0078,2024-10-20,2024-10-20,Carlos Mendoza,Calling Card,,,57,150,8550,8550,completed,paid,walk-in,true
HIST-0079,2024-10-20,2024-10-20,Lisa Ramos,Photo Print 4R,,,102,25,2550,2550,completed,paid,walk-in,true
HIST-0080,2024-10-20,2024-10-20,Mark Torres,Photo Print 3R,,,60,20,1200,1200,completed,paid,walk-in,true
HIST-0081,2024-10-20,2024-10-20,Jenny Villanueva,Photo Print 5R,,,37,35,1295,1295,completed,paid,walk-in,true
HIST-0082,2024-10-20,2024-10-20,Robert Aquino,Photo Print 8R,,,21,60,1260,1260,completed,paid,walk-in,true
HIST-0083,2024-10-20,2024-10-20,Grace Flores,Photo Invite,,,17,300,5100,5100,completed,paid,walk-in,true
HIST-0084,2024-10-20,2024-10-20,Joel Cruz,Acrylic Signage,,,4,1800,7200,7200,completed,paid,walk-in,true
HIST-0085,2024-10-20,2024-10-20,Maria Santos,Composite Panel Signage,,,3,2200,6600,6600,completed,paid,walk-in,true
HIST-0086,2024-10-20,2024-10-20,Juan dela Cruz,Roll-up Banner,,,5,1200,6000,6000,completed,paid,walk-in,true
HIST-0087,2024-10-20,2024-10-20,Ana Reyes,X-Banner,,,5,900,4500,4500,completed,paid,walk-in,true
HIST-0088,2024-10-20,2024-10-20,Pedro Gonzales,PVC ID Card,,,25,80,2000,2000,completed,paid,walk-in,true
HIST-0089,2024-10-20,2024-10-20,Rosa Garcia,Panaflex Signage,,,4,1500,6000,6000,completed,paid,walk-in,true
HIST-0090,2024-10-20,2024-10-20,Carlos Mendoza,Sintra Board Signage,,,5,600,3000,3000,completed,paid,walk-in,true
HIST-0091,2024-11-20,2024-11-20,Lisa Ramos,Tarpaulin,,,5,350,1750,1750,completed,paid,walk-in,true
HIST-0092,2024-11-20,2024-11-20,Mark Torres,Vinyl Sticker,,,39,180,7020,7020,completed,paid,walk-in,true
HIST-0093,2024-11-20,2024-11-20,Jenny Villanueva,Clear Sticker,,,19,200,3800,3800,completed,paid,walk-in,true
HIST-0094,2024-11-20,2024-11-20,Robert Aquino,Paper Sticker,,,30,120,3600,3600,completed,paid,walk-in,true
HIST-0095,2024-11-20,2024-11-20,Grace Flores,Poster,,,11,250,2750,2750,completed,paid,walk-in,true
HIST-0096,2024-11-20,2024-11-20,Joel Cruz,Calling Card,,,64,150,9600,9600,completed,paid,walk-in,true
HIST-0097,2024-11-20,2024-11-20,Maria Santos,Photo Print 4R,,,92,25,2300,2300,completed,paid,walk-in,true
HIST-0098,2024-11-20,2024-11-20,Juan dela Cruz,Photo Print 3R,,,38,20,760,760,completed,paid,walk-in,true
HIST-0099,2024-11-20,2024-11-20,Ana Reyes,Photo Print 5R,,,39,35,1365,1365,completed,paid,walk-in,true
HIST-0100,2024-11-20,2024-11-20,Pedro Gonzales,Photo Print 8R,,,15,60,900,900,completed,paid,walk-in,true
HIST-0101,2024-11-20,2024-11-20,Rosa Garcia,Photo Invite,,,21,300,6300,6300,completed,paid,walk-in,true
HIST-0102,2024-11-20,2024-11-20,Carlos Mendoza,Acrylic Signage,,,3,1800,5400,5400,completed,paid,walk-in,true
HIST-0103,2024-11-20,2024-11-20,Lisa Ramos,Composite Panel Signage,,,2,2200,4400,4400,completed,paid,walk-in,true
HIST-0104,2024-11-20,2024-11-20,Mark Torres,Roll-up Banner,,,5,1200,6000,6000,completed,paid,walk-in,true
HIST-0105,2024-11-20,2024-11-20,Jenny Villanueva,X-Banner,,,3,900,2700,2700,completed,paid,walk-in,true
HIST-0106,2024-11-20,2024-11-20,Robert Aquino,PVC ID Card,,,29,80,2320,2320,completed,paid,walk-in,true
HIST-0107,2024-11-20,2024-11-20,Grace Flores,Panaflex Signage,,,3,1500,4500,4500,completed,paid,walk-in,true
HIST-0108,2024-11-20,2024-11-20,Joel Cruz,Sintra Board Signage,,,5,600,3000,3000,completed,paid,walk-in,true
HIST-0109,2024-12-20,2024-12-20,Maria Santos,Tarpaulin,,,5,350,1750,1750,completed,paid,walk-in,true
HIST-0110,2024-12-20,2024-12-20,Juan dela Cruz,Vinyl Sticker,,,28,180,5040,5040,completed,paid,walk-in,true
HIST-0111,2024-12-20,2024-12-20,Ana Reyes,Clear Sticker,,,18,200,3600,3600,completed,paid,walk-in,true
HIST-0112,2024-12-20,2024-12-20,Pedro Gonzales,Paper Sticker,,,25,120,3000,3000,completed,paid,walk-in,true
HIST-0113,2024-12-20,2024-12-20,Rosa Garcia,Poster,,,6,250,1500,1500,completed,paid,walk-in,true
HIST-0114,2024-12-20,2024-12-20,Carlos Mendoza,Calling Card,,,63,150,9450,9450,completed,paid,walk-in,true
HIST-0115,2024-12-20,2024-12-20,Lisa Ramos,Photo Print 4R,,,62,25,1550,1550,completed,paid,walk-in,true
HIST-0116,2024-12-20,2024-12-20,Mark Torres,Photo Print 3R,,,44,20,880,880,completed,paid,walk-in,true
HIST-0117,2024-12-20,2024-12-20,Jenny Villanueva,Photo Print 5R,,,31,35,1085,1085,completed,paid,walk-in,true
HIST-0118,2024-12-20,2024-12-20,Robert Aquino,Photo Print 8R,,,10,60,600,600,completed,paid,walk-in,true
HIST-0119,2024-12-20,2024-12-20,Grace Flores,Photo Invite,,,19,300,5700,5700,completed,paid,walk-in,true
HIST-0120,2024-12-20,2024-12-20,Joel Cruz,Acrylic Signage,,,2,1800,3600,3600,completed,paid,walk-in,true
HIST-0121,2024-12-20,2024-12-20,Maria Santos,Composite Panel Signage,,,2,2200,4400,4400,completed,paid,walk-in,true
HIST-0122,2024-12-20,2024-12-20,Juan dela Cruz,Roll-up Banner,,,3,1200,3600,3600,completed,paid,walk-in,true
HIST-0123,2024-12-20,2024-12-20,Ana Reyes,X-Banner,,,3,900,2700,2700,completed,paid,walk-in,true
HIST-0124,2024-12-20,2024-12-20,Pedro Gonzales,PVC ID Card,,,25,80,2000,2000,completed,paid,walk-in,true
HIST-0125,2024-12-20,2024-12-20,Rosa Garcia,Panaflex Signage,,,2,1500,3000,3000,completed,paid,walk-in,true
HIST-0126,2024-12-20,2024-12-20,Carlos Mendoza,Sintra Board Signage,,,5,600,3000,3000,completed,paid,walk-in,true
HIST-0127,2025-01-20,2025-01-20,Lisa Ramos,Tarpaulin,,,4,350,1400,1400,completed,paid,walk-in,true
HIST-0128,2025-01-20,2025-01-20,Mark Torres,Vinyl Sticker,,,16,180,2880,2880,completed,paid,walk-in,true
HIST-0129,2025-01-20,2025-01-20,Jenny Villanueva,Clear Sticker,,,17,200,3400,3400,completed,paid,walk-in,true
HIST-0130,2025-01-20,2025-01-20,Robert Aquino,Paper Sticker,,,17,120,2040,2040,completed,paid,walk-in,true
HIST-0131,2025-01-20,2025-01-20,Grace Flores,Poster,,,7,250,1750,1750,completed,paid,walk-in,true
HIST-0132,2025-01-20,2025-01-20,Joel Cruz,Calling Card,,,48,150,7200,7200,completed,paid,walk-in,true
HIST-0133,2025-01-20,2025-01-20,Maria Santos,Photo Print 4R,,,39,25,975,975,completed,paid,walk-in,true
HIST-0134,2025-01-20,2025-01-20,Juan dela Cruz,Photo Print 3R,,,40,20,800,800,completed,paid,walk-in,true
HIST-0135,2025-01-20,2025-01-20,Ana Reyes,Photo Print 5R,,,19,35,665,665,completed,paid,walk-in,true
HIST-0136,2025-01-20,2025-01-20,Pedro Gonzales,Photo Print 8R,,,11,60,660,660,completed,paid,walk-in,true
HIST-0137,2025-01-20,2025-01-20,Rosa Garcia,Photo Invite,,,14,300,4200,4200,completed,paid,walk-in,true
HIST-0138,2025-01-20,2025-01-20,Carlos Mendoza,Acrylic Signage,,,1,1800,1800,1800,completed,paid,walk-in,true
HIST-0139,2025-01-20,2025-01-20,Lisa Ramos,Composite Panel Signage,,,2,2200,4400,4400,completed,paid,walk-in,true
HIST-0140,2025-01-20,2025-01-20,Mark Torres,Roll-up Banner,,,2,1200,2400,2400,completed,paid,walk-in,true
HIST-0141,2025-01-20,2025-01-20,Jenny Villanueva,X-Banner,,,3,900,2700,2700,completed,paid,walk-in,true
HIST-0142,2025-01-20,2025-01-20,Robert Aquino,PVC ID Card,,,17,80,1360,1360,completed,paid,walk-in,true
HIST-0143,2025-01-20,2025-01-20,Grace Flores,Panaflex Signage,,,2,1500,3000,3000,completed,paid,walk-in,true
HIST-0144,2025-01-20,2025-01-20,Joel Cruz,Sintra Board Signage,,,4,600,2400,2400,completed,paid,walk-in,true
HIST-0145,2025-02-20,2025-02-20,Maria Santos,Tarpaulin,,,3,350,1050,1050,completed,paid,walk-in,true
HIST-0146,2025-02-20,2025-02-20,Juan dela Cruz,Vinyl Sticker,,,16,180,2880,2880,completed,paid,walk-in,true
HIST-0147,2025-02-20,2025-02-20,Ana Reyes,Clear Sticker,,,14,200,2800,2800,completed,paid,walk-in,true
HIST-0148,2025-02-20,2025-02-20,Pedro Gonzales,Paper Sticker,,,10,120,1200,1200,completed,paid,walk-in,true
HIST-0149,2025-02-20,2025-02-20,Rosa Garcia,Poster,,,6,250,1500,1500,completed,paid,walk-in,true
HIST-0150,2025-02-20,2025-02-20,Carlos Mendoza,Calling Card,,,31,150,4650,4650,completed,paid,walk-in,true
HIST-0151,2025-02-20,2025-02-20,Lisa Ramos,Photo Print 4R,,,42,25,1050,1050,completed,paid,walk-in,true
HIST-0152,2025-02-20,2025-02-20,Mark Torres,Photo Print 3R,,,29,20,580,580,completed,paid,walk-in,true
HIST-0153,2025-02-20,2025-02-20,Jenny Villanueva,Photo Print 5R,,,14,35,490,490,completed,paid,walk-in,true
HIST-0154,2025-02-20,2025-02-20,Robert Aquino,Photo Print 8R,,,9,60,540,540,completed,paid,walk-in,true
HIST-0155,2025-02-20,2025-02-20,Grace Flores,Photo Invite,,,8,300,2400,2400,completed,paid,walk-in,true
HIST-0156,2025-02-20,2025-02-20,Joel Cruz,Acrylic Signage,,,1,1800,1800,1800,completed,paid,walk-in,true
HIST-0157,2025-02-20,2025-02-20,Maria Santos,Composite Panel Signage,,,1,2200,2200,2200,completed,paid,walk-in,true
HIST-0158,2025-02-20,2025-02-20,Juan dela Cruz,Roll-up Banner,,,2,1200,2400,2400,completed,paid,walk-in,true
HIST-0159,2025-02-20,2025-02-20,Ana Reyes,X-Banner,,,2,900,1800,1800,completed,paid,walk-in,true
HIST-0160,2025-02-20,2025-02-20,Pedro Gonzales,PVC ID Card,,,10,80,800,800,completed,paid,walk-in,true
HIST-0161,2025-02-20,2025-02-20,Rosa Garcia,Panaflex Signage,,,2,1500,3000,3000,completed,paid,walk-in,true
HIST-0162,2025-02-20,2025-02-20,Carlos Mendoza,Sintra Board Signage,,,3,600,1800,1800,completed,paid,walk-in,true
HIST-0163,2025-03-20,2025-03-20,Lisa Ramos,Tarpaulin,,,2,350,700,700,completed,paid,walk-in,true
HIST-0164,2025-03-20,2025-03-20,Mark Torres,Vinyl Sticker,,,17,180,3060,3060,completed,paid,walk-in,true
HIST-0165,2025-03-20,2025-03-20,Jenny Villanueva,Clear Sticker,,,10,200,2000,2000,completed,paid,walk-in,true
HIST-0166,2025-03-20,2025-03-20,Robert Aquino,Paper Sticker,,,12,120,1440,1440,completed,paid,walk-in,true
HIST-0167,2025-03-20,2025-03-20,Grace Flores,Poster,,,5,250,1250,1250,completed,paid,walk-in,true
HIST-0168,2025-03-20,2025-03-20,Joel Cruz,Calling Card,,,25,150,3750,3750,completed,paid,walk-in,true
HIST-0169,2025-03-20,2025-03-20,Maria Santos,Photo Print 4R,,,43,25,1075,1075,completed,paid,walk-in,true
HIST-0170,2025-03-20,2025-03-20,Juan dela Cruz,Photo Print 3R,,,20,20,400,400,completed,paid,walk-in,true
HIST-0171,2025-03-20,2025-03-20,Ana Reyes,Photo Print 5R,,,17,35,595,595,completed,paid,walk-in,true
HIST-0172,2025-03-20,2025-03-20,Pedro Gonzales,Photo Print 8R,,,8,60,480,480,completed,paid,walk-in,true
HIST-0173,2025-03-20,2025-03-20,Rosa Garcia,Photo Invite,,,8,300,2400,2400,completed,paid,walk-in,true
HIST-0174,2025-03-20,2025-03-20,Carlos Mendoza,Acrylic Signage,,,1,1800,1800,1800,completed,paid,walk-in,true
HIST-0175,2025-03-20,2025-03-20,Lisa Ramos,Composite Panel Signage,,,1,2200,2200,2200,completed,paid,walk-in,true
HIST-0176,2025-03-20,2025-03-20,Mark Torres,Roll-up Banner,,,2,1200,2400,2400,completed,paid,walk-in,true
HIST-0177,2025-03-20,2025-03-20,Jenny Villanueva,X-Banner,,,2,900,1800,1800,completed,paid,walk-in,true
HIST-0178,2025-03-20,2025-03-20,Robert Aquino,PVC ID Card,,,12,80,960,960,completed,paid,walk-in,true
HIST-0179,2025-03-20,2025-03-20,Grace Flores,Panaflex Signage,,,1,1500,1500,1500,completed,paid,walk-in,true
HIST-0180,2025-03-20,2025-03-20,Joel Cruz,Sintra Board Signage,,,2,600,1200,1200,completed,paid,walk-in,true
HIST-0181,2025-04-20,2025-04-20,Maria Santos,Tarpaulin,,,3,350,1050,1050,completed,paid,walk-in,true
HIST-0182,2025-04-20,2025-04-20,Juan dela Cruz,Vinyl Sticker,,,19,180,3420,3420,completed,paid,walk-in,true
HIST-0183,2025-04-20,2025-04-20,Ana Reyes,Clear Sticker,,,10,200,2000,2000,completed,paid,walk-in,true
HIST-0184,2025-04-20,2025-04-20,Pedro Gonzales,Paper Sticker,,,16,120,1920,1920,completed,paid,walk-in,true
HIST-0185,2025-04-20,2025-04-20,Rosa Garcia,Poster,,,5,250,1250,1250,completed,paid,walk-in,true
HIST-0186,2025-04-20,2025-04-20,Carlos Mendoza,Calling Card,,,36,150,5400,5400,completed,paid,walk-in,true
HIST-0187,2025-04-20,2025-04-20,Lisa Ramos,Photo Print 4R,,,43,25,1075,1075,completed,paid,walk-in,true
HIST-0188,2025-04-20,2025-04-20,Mark Torres,Photo Print 3R,,,24,20,480,480,completed,paid,walk-in,true
HIST-0189,2025-04-20,2025-04-20,Jenny Villanueva,Photo Print 5R,,,20,35,700,700,completed,paid,walk-in,true
HIST-0190,2025-04-20,2025-04-20,Robert Aquino,Photo Print 8R,,,6,60,360,360,completed,paid,walk-in,true
HIST-0191,2025-04-20,2025-04-20,Grace Flores,Photo Invite,,,11,300,3300,3300,completed,paid,walk-in,true
HIST-0192,2025-04-20,2025-04-20,Joel Cruz,Acrylic Signage,,,1,1800,1800,1800,completed,paid,walk-in,true
HIST-0193,2025-04-20,2025-04-20,Maria Santos,Composite Panel Signage,,,1,2200,2200,2200,completed,paid,walk-in,true
HIST-0194,2025-04-20,2025-04-20,Juan dela Cruz,Roll-up Banner,,,2,1200,2400,2400,completed,paid,walk-in,true
HIST-0195,2025-04-20,2025-04-20,Ana Reyes,X-Banner,,,1,900,900,900,completed,paid,walk-in,true
HIST-0196,2025-04-20,2025-04-20,Pedro Gonzales,PVC ID Card,,,16,80,1280,1280,completed,paid,walk-in,true
HIST-0197,2025-04-20,2025-04-20,Rosa Garcia,Panaflex Signage,,,1,1500,1500,1500,completed,paid,walk-in,true
HIST-0198,2025-04-20,2025-04-20,Carlos Mendoza,Sintra Board Signage,,,3,600,1800,1800,completed,paid,walk-in,true
HIST-0199,2025-05-20,2025-05-20,Lisa Ramos,Tarpaulin,,,4,350,1400,1400,completed,paid,walk-in,true
HIST-0200,2025-05-20,2025-05-20,Mark Torres,Vinyl Sticker,,,19,180,3420,3420,completed,paid,walk-in,true
HIST-0201,2025-05-20,2025-05-20,Jenny Villanueva,Clear Sticker,,,16,200,3200,3200,completed,paid,walk-in,true
HIST-0202,2025-05-20,2025-05-20,Robert Aquino,Paper Sticker,,,19,120,2280,2280,completed,paid,walk-in,true
HIST-0203,2025-05-20,2025-05-20,Grace Flores,Poster,,,6,250,1500,1500,completed,paid,walk-in,true
HIST-0204,2025-05-20,2025-05-20,Joel Cruz,Calling Card,,,50,150,7500,7500,completed,paid,walk-in,true
HIST-0205,2025-05-20,2025-05-20,Maria Santos,Photo Print 4R,,,41,25,1025,1025,completed,paid,walk-in,true
HIST-0206,2025-05-20,2025-05-20,Juan dela Cruz,Photo Print 3R,,,38,20,760,760,completed,paid,walk-in,true
HIST-0207,2025-05-20,2025-05-20,Ana Reyes,Photo Print 5R,,,22,35,770,770,completed,paid,walk-in,true
HIST-0208,2025-05-20,2025-05-20,Pedro Gonzales,Photo Print 8R,,,10,60,600,600,completed,paid,walk-in,true
HIST-0209,2025-05-20,2025-05-20,Rosa Garcia,Photo Invite,,,15,300,4500,4500,completed,paid,walk-in,true
HIST-0210,2025-05-20,2025-05-20,Carlos Mendoza,Acrylic Signage,,,1,1800,1800,1800,completed,paid,walk-in,true
HIST-0211,2025-05-20,2025-05-20,Lisa Ramos,Composite Panel Signage,,,2,2200,4400,4400,completed,paid,walk-in,true
HIST-0212,2025-05-20,2025-05-20,Mark Torres,Roll-up Banner,,,2,1200,2400,2400,completed,paid,walk-in,true
HIST-0213,2025-05-20,2025-05-20,Jenny Villanueva,X-Banner,,,3,900,2700,2700,completed,paid,walk-in,true
HIST-0214,2025-05-20,2025-05-20,Robert Aquino,PVC ID Card,,,19,80,1520,1520,completed,paid,walk-in,true
HIST-0215,2025-05-20,2025-05-20,Grace Flores,Panaflex Signage,,,1,1500,1500,1500,completed,paid,walk-in,true
HIST-0216,2025-05-20,2025-05-20,Joel Cruz,Sintra Board Signage,,,4,600,2400,2400,completed,paid,walk-in,true
HIST-0217,2025-06-20,2025-06-20,Maria Santos,Tarpaulin,,,5,350,1750,1750,completed,paid,walk-in,true
HIST-0218,2025-06-20,2025-06-20,Juan dela Cruz,Vinyl Sticker,,,23,180,4140,4140,completed,paid,walk-in,true
HIST-0219,2025-06-20,2025-06-20,Ana Reyes,Clear Sticker,,,23,200,4600,4600,completed,paid,walk-in,true
HIST-0220,2025-06-20,2025-06-20,Pedro Gonzales,Paper Sticker,,,18,120,2160,2160,completed,paid,walk-in,true
HIST-0221,2025-06-20,2025-06-20,Rosa Garcia,Poster,,,10,250,2500,2500,completed,paid,walk-in,true
HIST-0222,2025-06-20,2025-06-20,Carlos Mendoza,Calling Card,,,58,150,8700,8700,completed,paid,walk-in,true
HIST-0223,2025-06-20,2025-06-20,Lisa Ramos,Photo Print 4R,,,62,25,1550,1550,completed,paid,walk-in,true
HIST-0224,2025-06-20,2025-06-20,Mark Torres,Photo Print 3R,,,52,20,1040,1040,completed,paid,walk-in,true
HIST-0225,2025-06-20,2025-06-20,Jenny Villanueva,Photo Print 5R,,,20,35,700,700,completed,paid,walk-in,true
HIST-0226,2025-06-20,2025-06-20,Robert Aquino,Photo Print 8R,,,15,60,900,900,completed,paid,walk-in,true
HIST-0227,2025-06-20,2025-06-20,Grace Flores,Photo Invite,,,16,300,4800,4800,completed,paid,walk-in,true
HIST-0228,2025-06-20,2025-06-20,Joel Cruz,Acrylic Signage,,,2,1800,3600,3600,completed,paid,walk-in,true
HIST-0229,2025-06-20,2025-06-20,Maria Santos,Composite Panel Signage,,,3,2200,6600,6600,completed,paid,walk-in,true
HIST-0230,2025-06-20,2025-06-20,Juan dela Cruz,Roll-up Banner,,,3,1200,3600,3600,completed,paid,walk-in,true
HIST-0231,2025-06-20,2025-06-20,Ana Reyes,X-Banner,,,4,900,3600,3600,completed,paid,walk-in,true
HIST-0232,2025-06-20,2025-06-20,Pedro Gonzales,PVC ID Card,,,19,80,1520,1520,completed,paid,walk-in,true
HIST-0233,2025-06-20,2025-06-20,Rosa Garcia,Panaflex Signage,,,2,1500,3000,3000,completed,paid,walk-in,true
HIST-0234,2025-06-20,2025-06-20,Carlos Mendoza,Sintra Board Signage,,,5,600,3000,3000,completed,paid,walk-in,true
HIST-0235,2025-07-20,2025-07-20,Lisa Ramos,Tarpaulin,,,5,350,1750,1750,completed,paid,walk-in,true
HIST-0236,2025-07-20,2025-07-20,Mark Torres,Vinyl Sticker,,,37,180,6660,6660,completed,paid,walk-in,true
HIST-0237,2025-07-20,2025-07-20,Jenny Villanueva,Clear Sticker,,,26,200,5200,5200,completed,paid,walk-in,true
HIST-0238,2025-07-20,2025-07-20,Robert Aquino,Paper Sticker,,,25,120,3000,3000,completed,paid,walk-in,true
HIST-0239,2025-07-20,2025-07-20,Grace Flores,Poster,,,13,250,3250,3250,completed,paid,walk-in,true
HIST-0240,2025-07-20,2025-07-20,Joel Cruz,Calling Card,,,51,150,7650,7650,completed,paid,walk-in,true
HIST-0241,2025-07-20,2025-07-20,Maria Santos,Photo Print 4R,,,93,25,2325,2325,completed,paid,walk-in,true
HIST-0242,2025-07-20,2025-07-20,Juan dela Cruz,Photo Print 3R,,,54,20,1080,1080,completed,paid,walk-in,true
HIST-0243,2025-07-20,2025-07-20,Ana Reyes,Photo Print 5R,,,34,35,1190,1190,completed,paid,walk-in,true
HIST-0244,2025-07-20,2025-07-20,Pedro Gonzales,Photo Print 8R,,,19,60,1140,1140,completed,paid,walk-in,true
HIST-0245,2025-07-20,2025-07-20,Rosa Garcia,Photo Invite,,,15,300,4500,4500,completed,paid,walk-in,true
HIST-0246,2025-07-20,2025-07-20,Carlos Mendoza,Acrylic Signage,,,3,1800,5400,5400,completed,paid,walk-in,true
HIST-0247,2025-07-20,2025-07-20,Lisa Ramos,Composite Panel Signage,,,2,2200,4400,4400,completed,paid,walk-in,true
HIST-0248,2025-07-20,2025-07-20,Mark Torres,Roll-up Banner,,,4,1200,4800,4800,completed,paid,walk-in,true
HIST-0249,2025-07-20,2025-07-20,Jenny Villanueva,X-Banner,,,4,900,3600,3600,completed,paid,walk-in,true
HIST-0250,2025-07-20,2025-07-20,Robert Aquino,PVC ID Card,,,23,80,1840,1840,completed,paid,walk-in,true
HIST-0251,2025-07-20,2025-07-20,Grace Flores,Panaflex Signage,,,3,1500,4500,4500,completed,paid,walk-in,true
HIST-0252,2025-07-20,2025-07-20,Joel Cruz,Sintra Board Signage,,,4,600,2400,2400,completed,paid,walk-in,true
HIST-0253,2025-08-20,2025-08-20,Maria Santos,Tarpaulin,,,5,350,1750,1750,completed,paid,walk-in,true
HIST-0254,2025-08-20,2025-08-20,Juan dela Cruz,Vinyl Sticker,,,45,180,8100,8100,completed,paid,walk-in,true
HIST-0255,2025-08-20,2025-08-20,Ana Reyes,Clear Sticker,,,22,200,4400,4400,completed,paid,walk-in,true
HIST-0256,2025-08-20,2025-08-20,Pedro Gonzales,Paper Sticker,,,35,120,4200,4200,completed,paid,walk-in,true
HIST-0257,2025-08-20,2025-08-20,Rosa Garcia,Poster,,,13,250,3250,3250,completed,paid,walk-in,true
HIST-0258,2025-08-20,2025-08-20,Carlos Mendoza,Calling Card,,,75,150,11250,11250,completed,paid,walk-in,true
HIST-0259,2025-08-20,2025-08-20,Lisa Ramos,Photo Print 4R,,,107,25,2675,2675,completed,paid,walk-in,true
HIST-0260,2025-08-20,2025-08-20,Mark Torres,Photo Print 3R,,,45,20,900,900,completed,paid,walk-in,true
HIST-0261,2025-08-20,2025-08-20,Jenny Villanueva,Photo Print 5R,,,45,35,1575,1575,completed,paid,walk-in,true
HIST-0262,2025-08-20,2025-08-20,Robert Aquino,Photo Print 8R,,,17,60,1020,1020,completed,paid,walk-in,true
HIST-0263,2025-08-20,2025-08-20,Grace Flores,Photo Invite,,,24,300,7200,7200,completed,paid,walk-in,true
HIST-0264,2025-08-20,2025-08-20,Joel Cruz,Acrylic Signage,,,3,1800,5400,5400,completed,paid,walk-in,true
HIST-0265,2025-08-20,2025-08-20,Maria Santos,Composite Panel Signage,,,3,2200,6600,6600,completed,paid,walk-in,true
HIST-0266,2025-08-20,2025-08-20,Juan dela Cruz,Roll-up Banner,,,5,1200,6000,6000,completed,paid,walk-in,true
HIST-0267,2025-08-20,2025-08-20,Ana Reyes,X-Banner,,,4,900,3600,3600,completed,paid,walk-in,true
HIST-0268,2025-08-20,2025-08-20,Pedro Gonzales,PVC ID Card,,,34,80,2720,2720,completed,paid,walk-in,true
HIST-0269,2025-08-20,2025-08-20,Rosa Garcia,Panaflex Signage,,,3,1500,4500,4500,completed,paid,walk-in,true
HIST-0270,2025-08-20,2025-08-20,Carlos Mendoza,Sintra Board Signage,,,6,600,3600,3600,completed,paid,walk-in,true
HIST-0271,2025-09-20,2025-09-20,Lisa Ramos,Tarpaulin,,,7,350,2450,2450,completed,paid,walk-in,true
HIST-0272,2025-09-20,2025-09-20,Mark Torres,Vinyl Sticker,,,42,180,7560,7560,completed,paid,walk-in,true
HIST-0273,2025-09-20,2025-09-20,Jenny Villanueva,Clear Sticker,,,28,200,5600,5600,completed,paid,walk-in,true
HIST-0274,2025-09-20,2025-09-20,Robert Aquino,Paper Sticker,,,38,120,4560,4560,completed,paid,walk-in,true
HIST-0275,2025-09-20,2025-09-20,Grace Flores,Poster,,,9,250,2250,2250,completed,paid,walk-in,true
HIST-0276,2025-09-20,2025-09-20,Joel Cruz,Calling Card,,,94,150,14100,14100,completed,paid,walk-in,true
HIST-0277,2025-09-20,2025-09-20,Maria Santos,Photo Print 4R,,,93,25,2325,2325,completed,paid,walk-in,true
HIST-0278,2025-09-20,2025-09-20,Juan dela Cruz,Photo Print 3R,,,67,20,1340,1340,completed,paid,walk-in,true
HIST-0279,2025-09-20,2025-09-20,Ana Reyes,Photo Print 5R,,,46,35,1610,1610,completed,paid,walk-in,true
HIST-0280,2025-09-20,2025-09-20,Pedro Gonzales,Photo Print 8R,,,16,60,960,960,completed,paid,walk-in,true
HIST-0281,2025-09-20,2025-09-20,Rosa Garcia,Photo Invite,,,29,300,8700,8700,completed,paid,walk-in,true
HIST-0282,2025-09-20,2025-09-20,Carlos Mendoza,Acrylic Signage,,,3,1800,5400,5400,completed,paid,walk-in,true
HIST-0283,2025-09-20,2025-09-20,Lisa Ramos,Composite Panel Signage,,,4,2200,8800,8800,completed,paid,walk-in,true
HIST-0284,2025-09-20,2025-09-20,Mark Torres,Roll-up Banner,,,5,1200,6000,6000,completed,paid,walk-in,true
HIST-0285,2025-09-20,2025-09-20,Jenny Villanueva,X-Banner,,,4,900,3600,3600,completed,paid,walk-in,true
HIST-0286,2025-09-20,2025-09-20,Robert Aquino,PVC ID Card,,,38,80,3040,3040,completed,paid,walk-in,true
HIST-0287,2025-09-20,2025-09-20,Grace Flores,Panaflex Signage,,,2,1500,3000,3000,completed,paid,walk-in,true
HIST-0288,2025-09-20,2025-09-20,Joel Cruz,Sintra Board Signage,,,7,600,4200,4200,completed,paid,walk-in,true
HIST-0289,2025-10-20,2025-10-20,Maria Santos,Tarpaulin,,,7,350,2450,2450,completed,paid,walk-in,true
HIST-0290,2025-10-20,2025-10-20,Juan dela Cruz,Vinyl Sticker,,,29,180,5220,5220,completed,paid,walk-in,true
HIST-0291,2025-10-20,2025-10-20,Ana Reyes,Clear Sticker,,,32,200,6400,6400,completed,paid,walk-in,true
HIST-0292,2025-10-20,2025-10-20,Pedro Gonzales,Paper Sticker,,,30,120,3600,3600,completed,paid,walk-in,true
HIST-0293,2025-10-20,2025-10-20,Rosa Garcia,Poster,,,13,250,3250,3250,completed,paid,walk-in,true
HIST-0294,2025-10-20,2025-10-20,Carlos Mendoza,Calling Card,,,88,150,13200,13200,completed,paid,walk-in,true
HIST-0295,2025-10-20,2025-10-20,Lisa Ramos,Photo Print 4R,,,73,25,1825,1825,completed,paid,walk-in,true
HIST-0296,2025-10-20,2025-10-20,Mark Torres,Photo Print 3R,,,73,20,1460,1460,completed,paid,walk-in,true
HIST-0297,2025-10-20,2025-10-20,Jenny Villanueva,Photo Print 5R,,,34,35,1190,1190,completed,paid,walk-in,true
HIST-0298,2025-10-20,2025-10-20,Robert Aquino,Photo Print 8R,,,20,60,1200,1200,completed,paid,walk-in,true
HIST-0299,2025-10-20,2025-10-20,Grace Flores,Photo Invite,,,25,300,7500,7500,completed,paid,walk-in,true
HIST-0300,2025-10-20,2025-10-20,Joel Cruz,Acrylic Signage,,,3,1800,5400,5400,completed,paid,walk-in,true
HIST-0301,2025-10-20,2025-10-20,Maria Santos,Composite Panel Signage,,,4,2200,8800,8800,completed,paid,walk-in,true
HIST-0302,2025-10-20,2025-10-20,Juan dela Cruz,Roll-up Banner,,,4,1200,4800,4800,completed,paid,walk-in,true
HIST-0303,2025-10-20,2025-10-20,Ana Reyes,X-Banner,,,5,900,4500,4500,completed,paid,walk-in,true
HIST-0304,2025-10-20,2025-10-20,Pedro Gonzales,PVC ID Card,,,32,80,2560,2560,completed,paid,walk-in,true
HIST-0305,2025-10-20,2025-10-20,Rosa Garcia,Panaflex Signage,,,3,1500,4500,4500,completed,paid,walk-in,true
HIST-0306,2025-10-20,2025-10-20,Carlos Mendoza,Sintra Board Signage,,,7,600,4200,4200,completed,paid,walk-in,true
HIST-0307,2025-11-20,2025-11-20,Lisa Ramos,Tarpaulin,,,5,350,1750,1750,completed,paid,walk-in,true
HIST-0308,2025-11-20,2025-11-20,Mark Torres,Vinyl Sticker,,,34,180,6120,6120,completed,paid,walk-in,true
HIST-0309,2025-11-20,2025-11-20,Jenny Villanueva,Clear Sticker,,,28,200,5600,5600,completed,paid,walk-in,true
HIST-0310,2025-11-20,2025-11-20,Robert Aquino,Paper Sticker,,,21,120,2520,2520,completed,paid,walk-in,true
HIST-0311,2025-11-20,2025-11-20,Grace Flores,Poster,,,13,250,3250,3250,completed,paid,walk-in,true
HIST-0312,2025-11-20,2025-11-20,Joel Cruz,Calling Card,,,63,150,9450,9450,completed,paid,walk-in,true
HIST-0313,2025-11-20,2025-11-20,Maria Santos,Photo Print 4R,,,88,25,2200,2200,completed,paid,walk-in,true
HIST-0314,2025-11-20,2025-11-20,Juan dela Cruz,Photo Print 3R,,,61,20,1220,1220,completed,paid,walk-in,true
HIST-0315,2025-11-20,2025-11-20,Ana Reyes,Photo Print 5R,,,29,35,1015,1015,completed,paid,walk-in,true
HIST-0316,2025-11-20,2025-11-20,Pedro Gonzales,Photo Print 8R,,,19,60,1140,1140,completed,paid,walk-in,true
HIST-0317,2025-11-20,2025-11-20,Rosa Garcia,Photo Invite,,,17,300,5100,5100,completed,paid,walk-in,true
HIST-0318,2025-11-20,2025-11-20,Carlos Mendoza,Acrylic Signage,,,3,1800,5400,5400,completed,paid,walk-in,true
HIST-0319,2025-11-20,2025-11-20,Lisa Ramos,Composite Panel Signage,,,3,2200,6600,6600,completed,paid,walk-in,true
HIST-0320,2025-11-20,2025-11-20,Mark Torres,Roll-up Banner,,,4,1200,4800,4800,completed,paid,walk-in,true
HIST-0321,2025-11-20,2025-11-20,Jenny Villanueva,X-Banner,,,5,900,4500,4500,completed,paid,walk-in,true
HIST-0322,2025-11-20,2025-11-20,Robert Aquino,PVC ID Card,,,20,80,1600,1600,completed,paid,walk-in,true
HIST-0323,2025-11-20,2025-11-20,Grace Flores,Panaflex Signage,,,3,1500,4500,4500,completed,paid,walk-in,true
HIST-0324,2025-11-20,2025-11-20,Joel Cruz,Sintra Board Signage,,,5,600,3000,3000,completed,paid,walk-in,true
HIST-0325,2025-12-20,2025-12-20,Maria Santos,Tarpaulin,,,3,350,1050,1050,completed,paid,walk-in,true
HIST-0326,2025-12-20,2025-12-20,Juan dela Cruz,Vinyl Sticker,,,33,180,5940,5940,completed,paid,walk-in,true
HIST-0327,2025-12-20,2025-12-20,Ana Reyes,Clear Sticker,,,19,200,3800,3800,completed,paid,walk-in,true
HIST-0328,2025-12-20,2025-12-20,Pedro Gonzales,Paper Sticker,,,24,120,2880,2880,completed,paid,walk-in,true
HIST-0329,2025-12-20,2025-12-20,Rosa Garcia,Poster,,,10,250,2500,2500,completed,paid,walk-in,true
HIST-0330,2025-12-20,2025-12-20,Carlos Mendoza,Calling Card,,,46,150,6900,6900,completed,paid,walk-in,true
HIST-0331,2025-12-20,2025-12-20,Lisa Ramos,Photo Print 4R,,,80,25,2000,2000,completed,paid,walk-in,true
HIST-0332,2025-12-20,2025-12-20,Mark Torres,Photo Print 3R,,,38,20,760,760,completed,paid,walk-in,true
HIST-0333,2025-12-20,2025-12-20,Jenny Villanueva,Photo Print 5R,,,31,35,1085,1085,completed,paid,walk-in,true
HIST-0334,2025-12-20,2025-12-20,Robert Aquino,Photo Print 8R,,,14,60,840,840,completed,paid,walk-in,true
HIST-0335,2025-12-20,2025-12-20,Grace Flores,Photo Invite,,,16,300,4800,4800,completed,paid,walk-in,true
HIST-0336,2025-12-20,2025-12-20,Joel Cruz,Acrylic Signage,,,3,1800,5400,5400,completed,paid,walk-in,true
HIST-0337,2025-12-20,2025-12-20,Maria Santos,Composite Panel Signage,,,2,2200,4400,4400,completed,paid,walk-in,true
HIST-0338,2025-12-20,2025-12-20,Juan dela Cruz,Roll-up Banner,,,4,1200,4800,4800,completed,paid,walk-in,true
HIST-0339,2025-12-20,2025-12-20,Ana Reyes,X-Banner,,,3,900,2700,2700,completed,paid,walk-in,true
HIST-0340,2025-12-20,2025-12-20,Pedro Gonzales,PVC ID Card,,,23,80,1840,1840,completed,paid,walk-in,true
HIST-0341,2025-12-20,2025-12-20,Rosa Garcia,Panaflex Signage,,,3,1500,4500,4500,completed,paid,walk-in,true
HIST-0342,2025-12-20,2025-12-20,Carlos Mendoza,Sintra Board Signage,,,3,600,1800,1800,completed,paid,walk-in,true
HIST-0343,2026-01-20,2026-01-20,Lisa Ramos,Tarpaulin,,,4,350,1400,1400,completed,paid,walk-in,true
HIST-0344,2026-01-20,2026-01-20,Mark Torres,Vinyl Sticker,,,25,180,4500,4500,completed,paid,walk-in,true
HIST-0345,2026-01-20,2026-01-20,Jenny Villanueva,Clear Sticker,,,13,200,2600,2600,completed,paid,walk-in,true
HIST-0346,2026-01-20,2026-01-20,Robert Aquino,Paper Sticker,,,21,120,2520,2520,completed,paid,walk-in,true
HIST-0347,2026-01-20,2026-01-20,Grace Flores,Poster,,,6,250,1500,1500,completed,paid,walk-in,true
HIST-0348,2026-01-20,2026-01-20,Joel Cruz,Calling Card,,,48,150,7200,7200,completed,paid,walk-in,true
HIST-0349,2026-01-20,2026-01-20,Maria Santos,Photo Print 4R,,,56,25,1400,1400,completed,paid,walk-in,true
HIST-0350,2026-01-20,2026-01-20,Juan dela Cruz,Photo Print 3R,,,31,20,620,620,completed,paid,walk-in,true
HIST-0351,2026-01-20,2026-01-20,Ana Reyes,Photo Print 5R,,,26,35,910,910,completed,paid,walk-in,true
HIST-0352,2026-01-20,2026-01-20,Pedro Gonzales,Photo Print 8R,,,8,60,480,480,completed,paid,walk-in,true
HIST-0353,2026-01-20,2026-01-20,Rosa Garcia,Photo Invite,,,15,300,4500,4500,completed,paid,walk-in,true
HIST-0354,2026-01-20,2026-01-20,Carlos Mendoza,Acrylic Signage,,,2,1800,3600,3600,completed,paid,walk-in,true
HIST-0355,2026-01-20,2026-01-20,Lisa Ramos,Composite Panel Signage,,,2,2200,4400,4400,completed,paid,walk-in,true
HIST-0356,2026-01-20,2026-01-20,Mark Torres,Roll-up Banner,,,3,1200,3600,3600,completed,paid,walk-in,true
HIST-0357,2026-01-20,2026-01-20,Jenny Villanueva,X-Banner,,,2,900,1800,1800,completed,paid,walk-in,true
HIST-0358,2026-01-20,2026-01-20,Robert Aquino,PVC ID Card,,,21,80,1680,1680,completed,paid,walk-in,true
HIST-0359,2026-01-20,2026-01-20,Grace Flores,Panaflex Signage,,,2,1500,3000,3000,completed,paid,walk-in,true
HIST-0360,2026-01-20,2026-01-20,Joel Cruz,Sintra Board Signage,,,4,600,2400,2400,completed,paid,walk-in,true
HIST-0361,2026-02-20,2026-02-20,Maria Santos,Tarpaulin,,,3,350,1050,1050,completed,paid,walk-in,true
HIST-0362,2026-02-20,2026-02-20,Juan dela Cruz,Vinyl Sticker,,,15,180,2700,2700,completed,paid,walk-in,true
HIST-0363,2026-02-20,2026-02-20,Ana Reyes,Clear Sticker,,,13,200,2600,2600,completed,paid,walk-in,true
HIST-0364,2026-02-20,2026-02-20,Pedro Gonzales,Paper Sticker,,,15,120,1800,1800,completed,paid,walk-in,true
HIST-0365,2026-02-20,2026-02-20,Rosa Garcia,Poster,,,5,250,1250,1250,completed,paid,walk-in,true
HIST-0366,2026-02-20,2026-02-20,Carlos Mendoza,Calling Card,,,41,150,6150,6150,completed,paid,walk-in,true
HIST-0367,2026-02-20,2026-02-20,Lisa Ramos,Photo Print 4R,,,33,25,825,825,completed,paid,walk-in,true
HIST-0368,2026-02-20,2026-02-20,Mark Torres,Photo Print 3R,,,31,20,620,620,completed,paid,walk-in,true
HIST-0369,2026-02-20,2026-02-20,Jenny Villanueva,Photo Print 5R,,,18,35,630,630,completed,paid,walk-in,true
HIST-0370,2026-02-20,2026-02-20,Robert Aquino,Photo Print 8R,,,8,60,480,480,completed,paid,walk-in,true
HIST-0371,2026-02-20,2026-02-20,Grace Flores,Photo Invite,,,12,300,3600,3600,completed,paid,walk-in,true
HIST-0372,2026-02-20,2026-02-20,Joel Cruz,Acrylic Signage,,,1,1800,1800,1800,completed,paid,walk-in,true
HIST-0373,2026-02-20,2026-02-20,Maria Santos,Composite Panel Signage,,,2,2200,4400,4400,completed,paid,walk-in,true
HIST-0374,2026-02-20,2026-02-20,Juan dela Cruz,Roll-up Banner,,,2,1200,2400,2400,completed,paid,walk-in,true
HIST-0375,2026-02-20,2026-02-20,Ana Reyes,X-Banner,,,2,900,1800,1800,completed,paid,walk-in,true
HIST-0376,2026-02-20,2026-02-20,Pedro Gonzales,PVC ID Card,,,15,80,1200,1200,completed,paid,walk-in,true
HIST-0377,2026-02-20,2026-02-20,Rosa Garcia,Panaflex Signage,,,1,1500,1500,1500,completed,paid,walk-in,true
HIST-0378,2026-02-20,2026-02-20,Carlos Mendoza,Sintra Board Signage,,,3,600,1800,1800,completed,paid,walk-in,true
HIST-0379,2026-03-20,2026-03-20,Lisa Ramos,Tarpaulin,,,3,350,1050,1050,completed,paid,walk-in,true
HIST-0380,2026-03-20,2026-03-20,Mark Torres,Vinyl Sticker,,,13,180,2340,2340,completed,paid,walk-in,true
HIST-0381,2026-03-20,2026-03-20,Jenny Villanueva,Clear Sticker,,,13,200,2600,2600,completed,paid,walk-in,true
HIST-0382,2026-03-20,2026-03-20,Robert Aquino,Paper Sticker,,,10,120,1200,1200,completed,paid,walk-in,true
HIST-0383,2026-03-20,2026-03-20,Grace Flores,Poster,,,6,250,1500,1500,completed,paid,walk-in,true
HIST-0384,2026-03-20,2026-03-20,Joel Cruz,Calling Card,,,33,150,4950,4950,completed,paid,walk-in,true
HIST-0385,2026-03-20,2026-03-20,Maria Santos,Photo Print 4R,,,35,25,875,875,completed,paid,walk-in,true
HIST-0386,2026-03-20,2026-03-20,Juan dela Cruz,Photo Print 3R,,,29,20,580,580,completed,paid,walk-in,true
HIST-0387,2026-03-20,2026-03-20,Ana Reyes,Photo Print 5R,,,11,35,385,385,completed,paid,walk-in,true
HIST-0388,2026-03-20,2026-03-20,Pedro Gonzales,Photo Print 8R,,,9,60,540,540,completed,paid,walk-in,true
HIST-0389,2026-03-20,2026-03-20,Rosa Garcia,Photo Invite,,,9,300,2700,2700,completed,paid,walk-in,true
HIST-0390,2026-03-20,2026-03-20,Carlos Mendoza,Acrylic Signage,,,1,1800,1800,1800,completed,paid,walk-in,true
HIST-0391,2026-03-20,2026-03-20,Lisa Ramos,Composite Panel Signage,,,1,2200,2200,2200,completed,paid,walk-in,true
HIST-0392,2026-03-20,2026-03-20,Mark Torres,Roll-up Banner,,,1,1200,1200,1200,completed,paid,walk-in,true
HIST-0393,2026-03-20,2026-03-20,Jenny Villanueva,X-Banner,,,2,900,1800,1800,completed,paid,walk-in,true
HIST-0394,2026-03-20,2026-03-20,Robert Aquino,PVC ID Card,,,11,80,880,880,completed,paid,walk-in,true
HIST-0395,2026-03-20,2026-03-20,Grace Flores,Panaflex Signage,,,1,1500,1500,1500,completed,paid,walk-in,true
HIST-0396,2026-03-20,2026-03-20,Joel Cruz,Sintra Board Signage,,,3,600,1800,1800,completed,paid,walk-in,true
HIST-0397,2026-04-20,2026-04-20,Maria Santos,Tarpaulin,,,2,350,700,700,completed,paid,walk-in,true
HIST-0398,2026-04-20,2026-04-20,Juan dela Cruz,Vinyl Sticker,,,19,180,3420,3420,completed,paid,walk-in,true
HIST-0399,2026-04-20,2026-04-20,Ana Reyes,Clear Sticker,,,13,200,2600,2600,completed,paid,walk-in,true
HIST-0400,2026-04-20,2026-04-20,Pedro Gonzales,Paper Sticker,,,13,120,1560,1560,completed,paid,walk-in,true
HIST-0401,2026-04-20,2026-04-20,Rosa Garcia,Poster,,,7,250,1750,1750,completed,paid,walk-in,true
HIST-0402,2026-04-20,2026-04-20,Carlos Mendoza,Calling Card,,,26,150,3900,3900,completed,paid,walk-in,true
HIST-0403,2026-04-20,2026-04-20,Lisa Ramos,Photo Print 4R,,,48,25,1200,1200,completed,paid,walk-in,true
HIST-0404,2026-04-20,2026-04-20,Mark Torres,Photo Print 3R,,,27,20,540,540,completed,paid,walk-in,true
HIST-0405,2026-04-20,2026-04-20,Jenny Villanueva,Photo Print 5R,,,17,35,595,595,completed,paid,walk-in,true
HIST-0406,2026-04-20,2026-04-20,Robert Aquino,Photo Print 8R,,,10,60,600,600,completed,paid,walk-in,true
HIST-0407,2026-04-20,2026-04-20,Grace Flores,Photo Invite,,,8,300,2400,2400,completed,paid,walk-in,true
HIST-0408,2026-04-20,2026-04-20,Joel Cruz,Acrylic Signage,,,2,1800,3600,3600,completed,paid,walk-in,true
HIST-0409,2026-04-20,2026-04-20,Maria Santos,Composite Panel Signage,,,1,2200,2200,2200,completed,paid,walk-in,true
HIST-0410,2026-04-20,2026-04-20,Juan dela Cruz,Roll-up Banner,,,2,1200,2400,2400,completed,paid,walk-in,true
HIST-0411,2026-04-20,2026-04-20,Ana Reyes,X-Banner,,,2,900,1800,1800,completed,paid,walk-in,true
HIST-0412,2026-04-20,2026-04-20,Pedro Gonzales,PVC ID Card,,,12,80,960,960,completed,paid,walk-in,true
HIST-0413,2026-04-20,2026-04-20,Rosa Garcia,Panaflex Signage,,,2,1500,3000,3000,completed,paid,walk-in,true
HIST-0414,2026-04-20,2026-04-20,Carlos Mendoza,Sintra Board Signage,,,2,600,1200,1200,completed,paid,walk-in,true
HIST-0415,2026-05-20,2026-05-20,Lisa Ramos,Tarpaulin,,,3,350,1050,1050,completed,paid,walk-in,true
HIST-0416,2026-05-20,2026-05-20,Mark Torres,Vinyl Sticker,,,26,180,4680,4680,completed,paid,walk-in,true
HIST-0417,2026-05-20,2026-05-20,Jenny Villanueva,Clear Sticker,,,12,200,2400,2400,completed,paid,walk-in,true
HIST-0418,2026-05-20,2026-05-20,Robert Aquino,Paper Sticker,,,20,120,2400,2400,completed,paid,walk-in,true
HIST-0419,2026-05-20,2026-05-20,Grace Flores,Poster,,,7,250,1750,1750,completed,paid,walk-in,true
HIST-0420,2026-05-20,2026-05-20,Joel Cruz,Calling Card,,,43,150,6450,6450,completed,paid,walk-in,true
HIST-0421,2026-05-20,2026-05-20,Maria Santos,Photo Print 4R,,,61,25,1525,1525,completed,paid,walk-in,true
HIST-0422,2026-05-20,2026-05-20,Juan dela Cruz,Photo Print 3R,,,26,20,520,520,completed,paid,walk-in,true
HIST-0423,2026-05-20,2026-05-20,Ana Reyes,Photo Print 5R,,,26,35,910,910,completed,paid,walk-in,true
HIST-0424,2026-05-20,2026-05-20,Pedro Gonzales,Photo Print 8R,,,10,60,600,600,completed,paid,walk-in,true
HIST-0425,2026-05-20,2026-05-20,Rosa Garcia,Photo Invite,,,14,300,4200,4200,completed,paid,walk-in,true
HIST-0426,2026-05-20,2026-05-20,Carlos Mendoza,Acrylic Signage,,,2,1800,3600,3600,completed,paid,walk-in,true
HIST-0427,2026-05-20,2026-05-20,Lisa Ramos,Composite Panel Signage,,,1,2200,2200,2200,completed,paid,walk-in,true
HIST-0428,2026-05-20,2026-05-20,Mark Torres,Roll-up Banner,,,3,1200,3600,3600,completed,paid,walk-in,true
HIST-0429,2026-05-20,2026-05-20,Jenny Villanueva,X-Banner,,,2,900,1800,1800,completed,paid,walk-in,true
HIST-0430,2026-05-20,2026-05-20,Robert Aquino,PVC ID Card,,,20,80,1600,1600,completed,paid,walk-in,true
HIST-0431,2026-05-20,2026-05-20,Grace Flores,Panaflex Signage,,,2,1500,3000,3000,completed,paid,walk-in,true
HIST-0432,2026-05-20,2026-05-20,Joel Cruz,Sintra Board Signage,,,3,600,1800,1800,completed,paid,walk-in,true
